{"Loss": 0.17899469286203384, "_runtime": 270, "_timestamp": 1633710839, "_step": 399, "Val Loss": 0.17123736441135406, "Acc": 9.55, "Val ACC": 0.0, "_wandb": {"runtime": 267}}